Almanca,Azərbaycanca,Kateqoriya
ca.,təxminən,Abbreviatura
d.h.,yəni,Abbreviatura
ICE,sürətli qatar (Almaniya),Abbreviatura
der Lkw,yük maşını,Abbreviatura
der PC,kompüter,Abbreviatura
SMS,qısa mesaj,Abbreviatura
usw.,və s.,Abbreviatura
WC,tualet,Abbreviatura
z.B.,məsələn,Abbreviatura
der Antwortbogen,cavab vərəqi,İmtahan dili
die Aufgabe,tapşırıq / məsələ,İmtahan dili
das Beispiel,nümunə / misal,İmtahan dili
die Durchsage,elan / bildiriş,İmtahan dili
die Lösung,həll / cavab,İmtahan dili
markieren,işarə etmək,İmtahan dili
der Prüfer / die Prüferin,imtahan götürən (kişi / qadın),İmtahan dili
die Prüfung,imtahan,İmtahan dili
der Punkt,xal / nöqtə,İmtahan dili
der Teil,hissə,İmtahan dili
der Test,test,İmtahan dili
der Text,mətn,İmtahan dili
das Wörterbuch,lüğət,İmtahan dili
der Angestellte / die Angestellte,işçi / əməkdaş,Peşə
der Arzt / die Ärztin,həkim (kişi / qadın),Peşə
der Auszubildende,şagird işçi / stajçı,Peşə
der Autor / die Autorin,müəllif (kişi / qadın),Peşə
der Babysitter,uşaq baxıcısı,Peşə
der Bäcker / die Bäckerin,çörəkçi (kişi / qadın),Peşə
der Doktor / die Doktorin,doktor (kişi / qadın),Peşə
der Fahrer / die Fahrerin,sürücü (kişi / qadın),Peşə
der Friseur / die Friseurin,bərbər / saç ustası (kişi / qadın),Peşə
der Handwerker / die Handwerkerin,usta / işçi (kişi / qadın),Peşə
der Hausmann / die Hausfrau,ev əri / ev xanımı,Peşə
der Journalist / die Journalistin,jurnalist (kişi / qadın),Peşə
der Kaufmann / die Kauffrau,tacir (kişi / qadın),Peşə
der Kellner / die Kellnerin,ofisant (kişi / qadın),Peşə
der Koch / die Köchin,aşpaz (kişi / qadın),Peşə
der Krankenpfleger / die Krankenschwester,tibb bacısı / qardaşı,Peşə
der Künstler / die Künstlerin,sənətkar (kişi / qadın),Peşə
der Lehrer / die Lehrerin,müəllim / müəllimə,Peşə
der Mechaniker / die Mechanikerin,mexanik (kişi / qadın),Peşə
das Model,model,Peşə
der Musiker / die Musikerin,musiqiçi (kişi / qadın),Peşə
der Polizist / die Polizistin,polis (kişi / qadın),Peşə
der Rentner / die Rentnerin,pensiyaçı (kişi / qadın),Peşə
der Sänger / die Sängerin,müğənni (kişi / qadın),Peşə
der Schauspieler / die Schauspielerin,aktyor / aktrisa,Peşə
der Techniker / die Technikerin,texnik (kişi / qadın),Peşə
der Verkäufer / die Verkäuferin,satıcı (kişi / qadın),Peşə
der Bruder,qardaş,Ailə
der Cousin / die Cousine,əmioğlu / əmiqızı,Ailə
die Eltern,valideynlər,Ailə
der Enkel / die Enkelin,nəvə (oğlan / qız),Ailə
die Geschwister,qardaş-bacılar,Ailə
die Großeltern,nənə-baba,Ailə
die Großmutter / Oma,nənə / nənəcik,Ailə
der Großvater / Opa,baba / babacıq,Ailə
das Kind,uşaq,Ailə
die Mutter / Mama,ana / anacan,Ailə
der Onkel,əmi / dayı,Ailə
die Schwester,bacı,Ailə
der Sohn,oğul,Ailə
die Tante,xala / bibi,Ailə
die Tochter,qız (övlad),Ailə
der Vater / Papa,ata / atacan,Ailə
der/die Verwandte,qohum,Ailə
ledig,subay / evlənməmiş,Ailə vəziyyəti
verheiratet,evli,Ailə vəziyyəti
getrennt / geschieden,ayrılmış / boşanmış,Ailə vəziyyəti
blau,mavi,Rəng
braun,qəhvəyi,Rəng
gelb,sarı,Rəng
grau,boz,Rəng
grün,yaşıl,Rəng
lila,bənövşəyi,Rəng
orange,narıncı,Rəng
rosa,çəhrayı,Rəng
rot,qırmızı,Rəng
schwarz,qara,Rəng
weiß,ağ,Rəng
der Norden,şimal,İstiqamət
der Süden,cənub,İstiqamət
der Osten,şərq,İstiqamət
der Westen,qərb,İstiqamət
Deutschland,Almaniya,Ölkə/Milliyyət
der/die Deutsche,alman (kişi/qadın),Ölkə/Milliyyət
deutsch / auf Deutsch,alman / almanca,Ölkə/Milliyyət
Österreich,Avstriya,Ölkə/Milliyyət
der Österreicher / die Österreicherin,avstriyalı (kişi/qadın),Ölkə/Milliyyət
österreichisch,avstriya (sifət),Ölkə/Milliyyət
die Schweiz,İsveçrə,Ölkə/Milliyyət
der Schweizer / die Schweizerin,isveçrəli (kişi/qadın),Ölkə/Milliyyət
schweizerisch,isveçrə (sifət),Ölkə/Milliyyət
Luxemburg,Lüksemburq,Ölkə/Milliyyət
der Luxemburger / die Luxemburgerin,lüksemburqlu (kişi/qadın),Ölkə/Milliyyət
luxemburgisch,lüksemburq (sifət),Ölkə/Milliyyət
Europa,Avropa,Ölkə/Milliyyət
der Europäer / die Europäerin,avropalı (kişi/qadın),Ölkə/Milliyyət
europäisch,Avropa (sifət),Ölkə/Milliyyət
das Abitur,məzuniyyət imtahanı (ali məktəbə giriş),Məktəb
der Direktor,direktor,Məktəb
die Hausaufgabe,ev tapşırığı,Məktəb
die Klasse,sinif,Məktəb
die Klassenfahrt,sinif səyahəti,Məktəb
das Sekretariat,katiblik,Məktəb
der Stundenplan,dərs cədvəli,Məktəb
Biologie,biologiya,Dərs fənni
Chemie,kimya,Dərs fənni
Deutsch,alman dili,Dərs fənni
Englisch,ingilis dili,Dərs fənni
Französisch,fransız dili,Dərs fənni
Geografie,coğrafiya,Dərs fənni
Geschichte,tarix,Dərs fənni
Kunst / Kunsterziehung,rəsm / incəsənət,Dərs fənni
Latein,latın dili,Dərs fənni
Mathematik,riyaziyyat,Dərs fənni
Musik,musiqi,Dərs fənni
Physik,fizika,Dərs fənni
Religion,din,Dərs fənni
Sozialkunde,ictimaiyyət,Dərs fənni
Sport,idman,Dərs fənni
Karneval,karnaval,Bayram
Ostern,Pasxa,Bayram
Weihnachten,Milad,Bayram
Neujahr / Silvester,Yeni il / il qurtarışı,Bayram
der Frühling / das Frühjahr,yaz,Fəsil
der Sommer,yay,Fəsil
der Herbst,payız,Fəsil
der Winter,qış,Fəsil
der Januar,yanvar,Ay
der Februar,fevral,Ay
der März,mart,Ay
der April,aprel,Ay
der Mai,may,Ay
der Juni,iyun,Ay
der Juli,iyul,Ay
der August,avqust,Ay
der September,sentyabr,Ay
der Oktober,oktyabr,Ay
der November,noyabr,Ay
der Dezember,dekabr,Ay
der Tag,gün,Günün vaxtı
der Morgen,səhər,Günün vaxtı
der Vormittag,günortadan əvvəl,Günün vaxtı
der Mittag,günorta,Günün vaxtı
der Nachmittag,günortadan sonra,Günün vaxtı
der Abend,axşam,Günün vaxtı
die Nacht,gecə,Günün vaxtı
die Mitternacht,gecə yarısı,Günün vaxtı
täglich / tagsüber,hər gün / gün ərzində,Günün vaxtı
morgens,səhər (zərf),Günün vaxtı
mittags,günorta (zərf),Günün vaxtı
nachmittags,günortadan sonra (zərf),Günün vaxtı
abends,axşam (zərf),Günün vaxtı
nachts,gecə (zərf),Günün vaxtı
um Mitternacht,gecə yarısı,Günün vaxtı
am Wochenende,həftə sonu,Həftə günü
montags,bazar ertəsi günləri,Həftə günü
dienstags,çərşənbə axşamı günləri,Həftə günü
mittwochs,çərşənbə günləri,Həftə günü
donnerstags,cümə axşamı günləri,Həftə günü
freitags,cümə günləri,Həftə günü
samstags,şənbə günləri,Həftə günü
sonntags,bazar günləri,Həftə günü
der Arbeitstag / Werktag,iş günü,Həftə günü
der Feiertag,bayram günü,Həftə günü
die Sekunde,saniyə,Zaman
die Minute,dəqiqə,Zaman
die Stunde,saat (60 dəq.),Zaman
die Woche,həftə,Zaman
das Jahr,il,Zaman
ab,dan etibarən,Ədat
aber,amma / lakin,Bağlayıcı
abgeben,vermək / təhvil vermək,Fel
abholen,almaq / götürməyə gəlmək,Fel
abschließen,kilidləmək / bitirmək,Fel
die Achtung,diqqət / ehtiyat,İsim
die Adresse,ünvan,İsim
die Ahnung,anlayış / fikir,İsim
aktiv,aktiv / fəal,Sifət
aktuell,cari / aktual,Sifət
all- / alles / alle,hamı / hamısı,Əvəzlik
allein,tək / yalnız,Zərf
als,nisbətən / kimi (peşə),Bağlayıcı
also,beləliklə / yəni,Bağlayıcı
alt,köhnə / yaşlı,Sifət
das Alter,yaş,İsim
die Ampel,svetofor,İsim
an,yanında / üstündə,Ədat
anbieten,təklif etmək,Fel
das Angebot,təklif / endirim,İsim
ander-,başqa / digər,Sifət
ändern,dəyişmək,Fel
anders,başqa cür / fərqli,Zərf
anfangen,başlamaq,Fel
der Anfang,başlanğıc,İsim
die Angst,qorxu,İsim
ankommen,gəlib çatmaq,Fel
die Ankunft,gəliş,İsim
anmachen,yandırmaq / açmaq,Fel
anmelden (sich),qeydiyyatdan keçmək,Fel
die Anmeldung,qeydiyyat,İsim
der Anrufbeantworter,avtomüxbir,İsim
anrufen,zəng etmək,Fel
der Anruf,zəng,İsim
der Anschluss,bağlantı / qoşulma / ötürücü qatar,İsim
ansehen,baxmaq / nəzər yetirmək,Fel
antworten,cavab vermək,Fel
die Antwort,cavab,İsim
die Anzeige,elan / reklam,İsim
der Anzug,kostyum,İsim
der Apfel,alma,İsim
die Apotheke,aptek,İsim
der Apparat,cihaz / aparat,İsim
arbeiten,işləmək,Fel
die Arbeit,iş,İsim
arbeitslos,işsiz,Sifət
ärgern (sich),əsəbiləşmək / hirslənmək,Fel
arm,kasıb / yoxsul,Sifət
der Arm,qol,İsim
der Artikel,artikl / məqalə,İsim
auch,da / həm də,Zərf
auf,üstündə / açıq,Ədat
auf jeden Fall,mütləq / hökmən,İfadə
auf keinen Fall,heç vəchlə / əsla,İfadə
aufhören,dayandırmaq / saxlamaq,Fel
aufmachen,açmaq,Fel
aufpassen,diqqət etmək,Fel
aufräumen,yığışdırmaq,Fel
aufregend,həyəcanlı / maraqlı,Sifət
aufstehen,qalxmaq / oyanmaq,Fel
der Aufzug,lift,İsim
das Auge,göz,İsim
aus,içindən / -dan / söndürülmüş,Ədat
die Ausbildung,peşə təhsili / ixtisas,İsim
der Ausflug,ekskursiya / gəzinti,İsim
ausfüllen,doldurmaq (forma),Fel
der Ausgang,çıxış,İsim
ausgeben,xərcləmək,Fel
ausgehen,çıxmaq / sönmək,Fel
die Auskunft,məlumat / arayış,İsim
das Ausland,xarici ölkə,İsim
ausmachen,söndürmək,Fel
auspacken,açmaq / boşaltmaq (çamadan),Fel
ausruhen (sich),istirahət etmək,Fel
aussehen,görünmək,Fel
außer,istisna olmaqla / -dan başqa,Ədat
außerdem,bundan əlavə,Zərf
außerhalb,kənarda / xaricindən,Zərf
aussprechen,tələffüz etmək,Fel
aussteigen,düşmək (nəqliyyatdan),Fel
die Ausstellung,sərgi,İsim
austragen,çatdırmaq / yaymaq,Fel
der Ausweis,şəxsiyyət vəsiqəsi,İsim
das Auto,avtomobil / maşın,İsim
die Autobahn,avtomobil yolu / magistral,İsim
der Automat,avtomat / aparat,İsim
das Baby,körpə,İsim
die Bäckerei,çörək mağazası,İsim
das Bad,hamam,İsim
baden,çimmək / hamam etmək,Fel
die Bahn,dəmiryol / qatarı,İsim
der Bahnhof,vağzal,İsim
der Bahnsteig,peron,İsim
bald,tezliklə,Zərf
der Balkon,balkon,İsim
der Ball,top,İsim
die Banane,banan,İsim
die Band,musiqi qrupu,İsim
die Bank (Geldinstitut),bank,İsim
die Bank (Sitzbank),skamya / oturacaq,İsim
bar,nağd (pul),Zərf
der Basketball,basketbol,İsim
basteln,əl işi etmək,Fel
der Bauch,qarın,İsim
bauen,tikmək / inşa etmək,Fel
der Baum,ağac,İsim
die Baustelle,tikinti sahəsi,İsim
beantworten,cavablandırmaq,Fel
bedanken (sich),təşəkkür etmək,Fel
bedeuten,mənasına gəlmək,Fel
beeilen (sich),tələsmək,Fel
beenden,bitirmək / tamamlamaq,Fel
beginnen,başlamaq,Fel
begründen,əsaslandırmaq,Fel
bei,yanında / -da/-də,Ədat
beide,hər ikisi,Əvəzlik
das Bein,ayaq (baldır),İsim
bekannt,tanınmış / məşhur,Sifət
der/die Bekannte,tanış (kişi/qadın),İsim
bekommen,almaq / əldə etmək,Fel
beliebt,sevimli / populyar,Sifət
benutzen,istifadə etmək,Fel
bequem,rahat,Sifət
beraten,məsləhət vermək,Fel
der Berg,dağ,İsim
berichten,xəbər vermək / bildirmək,Fel
der Beruf,peşə / ixtisas,İsim
berühmt,məşhur,Sifət
der Bescheid,məlumat / xəbər,İsim
beschreiben,təsvir etmək,Fel
beschweren (sich),şikayət etmək,Fel
besetzt,tutulmuş / məşğul,Sifət
besichtigen,gəzib görmək / baxmaq,Fel
besonders,xüsusilə,Zərf
bestätigen,təsdiq etmək,Fel
bestehen,keçmək (imtahan) / ibarət olmaq,Fel
bestellen,sifariş etmək,Fel
der Besuch,ziyarət / qonaq,İsim
besuchen,ziyarət etmək / baş çəkmək,Fel
das Bett,çarpayı / yataq,İsim
bewerben (sich),müraciət etmək (iş üçün),Fel
die Bewerbung,müraciət / ərizə,İsim
bewölkt,buludlu,Sifət
die Wolke,bulud,İsim
bezahlen,ödəmək,Fel
die Bibliothek,kitabxana,İsim
das Bier,pivə,İsim
das Bild,şəkil / rəsm,İsim
billig,ucuz,Sifət
die Birne,armud,İsim
bis,qədər / -a kimi,Ədat
bisschen,bir az,Zərf
bitte,xahiş edirəm / buyurun,Ədat
die Bitte,xahiş / rica,İsim
bitten,xahiş etmək,Fel
bitter,acı (dad),Sifət
das Blatt,vərəq / yarpaq,İsim
bleiben,qalmaq,Fel
der Bleistift,karandaş,İsim
blöd,axmaq / gülünc,Sifət
der/das Blog,bloq,İsim
blond,sarışın,Sifət
die Blume,çiçək,İsim
die Bluse,bluzka,İsim
die Bohne,lobya / paxla,İsim
böse,qəzəbli / hirsli,Sifət
braten,qovurmaq / qızartmaq,Fel
brauchen,lazım olmaq,Fel
der Brief,məktub,İsim
die Briefmarke,poçt markası,İsim
die Brille,eynək,İsim
bringen,gətirmək,Fel
das Brot,çörək,İsim
das Brötchen,bulka / kiçik çörək,İsim
die Brücke,körpü,İsim
das Buch,kitab,İsim
buchen,bron etmək / sifariş etmək,Fel
der Buchstabe,hərf,İsim
buchstabieren,hərfləmək,Fel
bunt,rəngarəng / çoxrəngli,Sifət
das Büro,ofis / iş yeri,İsim
der Bus,avtobus,İsim
die Butter,yağ (kərə yağı),İsim
das Café,kafe,İsim
die Cafeteria,kafeteriya,İsim
chatten,çat etmək,Fel
der Chef / die Chefin,rəis / müdir (kişi/qadın),İsim
der Club / Klub,klub,İsim
der/das Comic,komiks,İsim
der Computer,kompüter,İsim
die Creme,krem,İsim
da,orada / budur,Zərf
da(r)- (darauf / darüber),bunun üzərindəki / bunun haqqında,Zərf
dabei sein,yanında olmaq / iştirak etmək,Fel
dafür/dagegen sein,tərəfdar/əleyhdar olmaq,Fel
damals,o vaxt / əvvəllər,Zərf
die Dame,xanım,İsim
daneben,yanında / onun yanında,Zərf
der Dank,təşəkkür,İsim
danke,sağ ol / teşekkür,Ədat
danken,təşəkkür etmək,Fel
dann,sonra / o zaman,Zərf
dass,ki (bağlayıcı),Bağlayıcı
die Datei,fayl,İsim
das Datum,tarix,İsim
dauern,davam etmək / sürmək,Fel
denken,düşünmək,Fel
denn,çünki,Bağlayıcı
deshalb,buna görə,Bağlayıcı
deutlich,aydın / aşkar,Sifət
dick,kök / qalın,Sifət
das Ding,əşya / predmet,İsim
direkt,birbaşa / düz,Zərf
die Disco / Disko,diskoteka,İsim
diskutieren,müzakirə etmək,Fel
doch,əksinə / bəli (inkar suala),Ədat
das Doppelzimmer,ikiqişilik otaq,İsim
das Dorf,kənd,İsim
dort,orada,Zərf
draußen,çöldə / bayırda,Zərf
dringend,təcili,Sifət
drinnen,içəridə,Zərf
drüben,orada / o tərəfdə,Zərf
drücken,basmaq / sıxmaq,Fel
drucken,çap etmək,Fel
der Drucker,printer,İsim
dumm,axmaq,Sifət
dunkel,qaranlıq / tünd,Sifət
dünn,arıq / nazik,Sifət
durch,vasitəsilə / içindən,Ədat
dürfen,icazəsi olmaq / haqqı olmaq,Fel
der Durst,susuzluq,İsim
die Dusche,duş,İsim
duschen (sich),duş almaq,Fel
das E-Book,elektron kitab,İsim
echt,həqiqi / doğrudan,Sifət
die Ecke,küncü / bucaq,İsim
egal,fərq etməz / eynidir,Sifət
die Ehefrau / der Ehemann,həyat yoldaşı (arvad/ər),İsim
das Ei,yumurta,İsim
eigen-,öz / şəxsi,Sifət
eigentlich,əslində / həqiqətdə,Zərf
eilig,tələsik,Sifət
einfach,sadə / asanlıqla,Sifət
der Eingang,giriş,İsim
einig-,bir neçə / bəzi,Sifət
einkaufen,alış-veriş etmək,Fel
das Einkaufszentrum,ticarət mərkəzi,İsim
einladen,dəvət etmək,Fel
die Einladung,dəvət,İsim
einmal,bir dəfə,Zərf
einpacken,bağlamaq / qablaşdırmaq,Fel
einsteigen,minmək (nəqliyyata),Fel
eintragen (sich),siyahıya yazmaq,Fel
der Eintritt,giriş / bilet qiyməti,İsim
einverstanden sein,razı olmaq,Fel
einzel-,tək / ayrı / fərdi,Sifət
einziehen,köçüb gəlmək,Fel
das Eis,dondurma / buz,İsim
die E-Mail,e-poçt,İsim
der Empfänger,alan / alıcı,İsim
empfehlen,tövsiyə etmək,Fel
das Ende,son / bitiş,İsim
enden,qurtarmaq / bitmək,Fel
endlich,nəhayət,Zərf
eng,dar / sıx,Sifət
entschuldigen (sich),üzr istəmək,Fel
die Entschuldigung,üzr,İsim
das Erdgeschoss,birinci mərtəbə (zemin),İsim
die Erfahrung,təcrübə,İsim
erinnern (sich),xatırlamaq,Fel
erkältet sein,soyuqdəymək,Fel
erklären,izah etmək,Fel
erlauben,icazə vermək,Fel
erlaubt sein,icazəli olmaq,Fel
die Erlaubnis,icazə,İsim
die Ermäßigung,endirim / güzəşt,İsim
erreichen,çatmaq / əlaqə saxlamaq,Fel
erst,yalnız / hələ / ancaq,Zərf
der/die Erwachsene,böyük / yetkin,İsim
erzählen,danışmaq / nağıl etmək,Fel
essen,yemək,Fel
das Essen,yemək (isim),İsim
etwas,nəsə / bir az,Əvəzlik
das Fach,fənn / mövzu,İsim
fahren,getmək / sürmək,Fel
die Abfahrt,yola düşmə / ayrılış,İsim
die Fahrkarte,bilet,İsim
der Fahrplan,nəqliyyat cədvəli,İsim
das Fahrrad,velosiped,İsim
fallen,düşmək,Fel
falsch,yanlış / səhv,Sifət
die Familie,ailə,İsim
der Familienname,soyad,İsim
der Fan,fan / pərəstişkar,İsim
fantastisch,fantastik / möhtəşəm,Sifət
die Farbe,rəng,İsim
fast,demək olar ki / az qala,Zərf
faul,tənbəl,Sifət
fehlen,olmamaq / çatışmamaq,Fel
der Fehler,səhv,İsim
die Feier / Feierabend / Feiertag,bayram / iş günü sonu / istirahət günü,İsim
feiern,qeyd etmək / bayram etmək,Fel
das Fenster,pəncərə,İsim
die Ferien,tətil,İsim
fernsehen,televizora baxmaq,Fel
der Fernseher,televizor,İsim
fertig sein,hazır olmaq,Fel
das Fest,bayram / şənlik,İsim
das Festival,festival,İsim
fett,yağlı,Sifət
das Fieber,qızdırma / isitmə,İsim
der Film,film,İsim
finden,tapmaq / hesab etmək,Fel
die Firma,şirkət / firma,İsim
der Fisch,balıq,İsim
fit sein,forma olmaq / sağlam olmaq,Fel
die Flasche,şüşə / butulka,İsim
das Fleisch,ət,İsim
fleißig,çalışqan,Sifət
fliegen,uçmaq,Fel
der Flohmarkt,köhnə əşya bazarı,İsim
der Flug,uçuş / reys,İsim
der Flughafen,hava limanı,İsim
das Flugzeug,təyyarə,İsim
der Fluss,çay,İsim
das Formular,forma / blanket,İsim
der Fotoapparat,fotoapparat,İsim
fotografieren,fotoşəkil çəkmək,Fel
das Foto,foto / şəkil,İsim
die Frage,sual,İsim
fragen,soruşmaq,Fel
die Frau,qadın / xanım,İsim
frei,azad / boş / pulsuz,Sifət
freiwillig,könüllü,Zərf
die Freizeit,boş vaxt / asudə vaxt,İsim
fremd,yad / xarici,Sifət
freuen (sich),sevinmək / şad olmaq,Fel
der Freund / die Freundin,dost / sevgili (kişi/qadın),İsim
freundlich,mehriban / xoşrəftar,Sifət
frisch,təzə,Sifət
froh,şad / xoşbəxt,Sifət
früh,erkən / tezdən,Zərf
früher,əvvəllər / daha əvvəl,Zərf
das Frühstück,səhər yeməyi,İsim
frühstücken,səhər yeməyi yemək,Fel
fühlen (sich),hiss etmək / özünü hiss etmək,Fel
der Führerschein,sürücülük vəsiqəsi,İsim
die Führung,ekskursiya / rəhbərlik,İsim
die Fundsachen,tapılan əşyalar,İsim
für,üçün,Ədat
furchtbar,dəhşətli / çox pis,Sifət
der Fuß,ayaq,İsim
der Fußball,futbol,İsim
die Gabel,çəngəl,İsim
ganz,tamamilə / bütün / tam,Zərf
die Garage,qaraj,İsim
der Garten,bağ / həyət,İsim
der Gast,qonaq,İsim
geben,vermək,Fel
geboren,doğulmuş,Sifət
das Geburtsjahr / der Geburtsort / der Geburtstag,doğum ili / yeri / günü,İsim
geehrt-,hörmətli,Sifət
gefährlich,təhlükəli,Sifət
gefallen,xoşuna gəlmək,Fel
gegen,qarşı / haqqında / təxminən,Ədat
das Gegenteil,əksi / ziddi,İsim
gegenüber,qarşısında / üz-üzə,Zərf
das Gehalt,maaş,İsim
gehen,getmək / olmaq (hal haqqında),Fel
gehören,aid olmaq / mənsubiyyəti olmaq,Fel
das Geld,pul,İsim
die Geldbörse,pul kisəsi / cüzdan,İsim
das Gemüse,tərəvəz,İsim
genau,dəqiq / tam,Zərf
genug,kifayət qədər,Zərf
das Gepäck,baqaj,İsim
gerade,elə indi / indicə,Zərf
geradeaus,düz irəli,Zərf
das Gerät,cihaz / aparat,İsim
das Gericht,yemək (xörək) / məhkəmə,İsim
gern / lieber / am liebsten,həvəslə / daha çox / ən çox,Zərf
das Geschäft,mağaza / iş,İsim
das Geschenk,hədiyyə,İsim
die Geschichte,tarix / hekayə,İsim
das Geschirr,qab-qaçaq,İsim
das Gesicht,üz / sifət,İsim
das Gespräch,söhbət / danışıq,İsim
gestern,dünən,Zərf
gesund,sağlam,Sifət
die Gesundheit,sağlamlıq,İsim
das Getränk,içki,İsim
gewinnen,qazanmaq / udmaq,Fel
das Gewitter,ildırımlı yağış / fırtına,İsim
die Gitarre,gitara,İsim
das Glas,stəkan / şüşə,İsim
glauben,inanmaq / düşünmək,Fel
gleich,eyni / az sonra,Sifət
das Gleis,rels / yol (dəmiryol),İsim
das Glück,xoşbəxtlik / şans,İsim
glücklich,xoşbəxt,Sifət
der Glückwunsch,təbrik,İsim
gratulieren,təbrik etmək,Fel
grillen,barbekü etmək / kabab bişirmək,Fel
die Grippe,qrip,İsim
groß,böyük / iri / hündür,Sifət
die Größe,ölçü / boy,İsim
die Gruppe,qrup,İsim
der Gruß,salam / salamlama,İsim
gültig sein,etibarlı olmaq,Fel
günstig,əlverişli / ucuz,Sifət
gut / besser / am besten,yaxşı / daha yaxşı / ən yaxşı,Sifət
das Haar,saç,İsim
haben,olmaq / sahib olmaq,Fel
das Hähnchen,toyuq (bişmiş),İsim
die Halle,salon / zal,İsim
hallo,salam,Ədat
der Hals,boyun / boğaz,İsim
halten,saxlamaq / dayanmaq,Fel
die Haltestelle,dayanacaq,İsim
der Hamburger,hamburger,İsim
die Hand,əl,İsim
das Handtuch,dəsmal,İsim
das Handy,mobil telefon,İsim
hängen,asmaq / asılmaq,Fel
hart,sərt / bərk,Sifət
hässlich,çirkin,Sifət
die Hauptstadt,paytaxt,İsim
das Haus,ev,İsim
der Haushalt,ev təsərrüfatı,İsim
das Heft,dəftər,İsim
die Heimat,vətən / doğma yer,İsim
heiraten,evlənmək,Fel
heiß,isti / qaynar,Sifət
heißen,adlanmaq,Fel
die Heizung,istilik sistemi / qızdırıcı,İsim
helfen,kömək etmək,Fel
hell,işıqlı / açıq (rəng),Sifət
das Hemd,köynək,İsim
her / herein / rein,bura / içəri,Zərf
heraus / raus,çölə / bayıra,Zərf
herein / rein,içəri,Zərf
der Herd,ocaq / plitə,İsim
der Herr,cənab / bəy,İsim
herstellen,istehsal etmək / hazırlamaq,Fel
herunterladen,yükləmək (internet),Fel
herzlich,ürəkdən / səmimi,Sifət
heute,bu gün,Zərf
hier,burada,Zərf
die Hilfe,kömək / yardım,İsim
der Himmel,göy / səma,İsim
hin / wohin,ora / haraya,Zərf
hinten,arxada / arxadan,Zərf
hinter,arxasında,Ədat
das Hobby,hobbi,İsim
hoch,hündür / yüksək,Sifət
die Hochzeit,toy / nikah mərasimi,İsim
hoffen,ümid etmək,Fel
hoffentlich,inşallah / ümid ki,Zərf
holen,gətirmək / aparmaq,Fel
die Homepage,ana səhifə / sayt,İsim
hören,eşitmək / dinləmək,Fel
die Hose,şalvar,İsim
das Hotel,otel,İsim
der Hund,it,İsim
der Hunger,aclıq,İsim
husten,öskürək / öskürəmək,Fel
die Idee,fikir / ideya,İsim
immer,həmişə,Zərf
in,içində / -da/-də,Ədat
die Information,məlumat,İsim
informieren (sich),məlumat almaq,Fel
die Insel,ada,İsim
das Instrument,musiqi aləti,İsim
intelligent,ağıllı / zəkalı,Sifət
das Interesse,maraq,İsim
interessieren (sich),maraqlanmaq,Fel
interessant,maraqlı,Sifət
international,beynəlxalq,Sifət
das Internet,internet,İsim
das Interview,müsahibə,İsim
ja,bəli / hə,Ədat
die Jacke,gödəkçə / pencək,İsim
die Jeans,cins şalvar,İsim
jeder/-e/-s,hər / hər biri,Əvəzlik
jemand,kiminsə / kimsə,Əvəzlik
jetzt,indi,Zərf
der Job,iş / qulluq,İsim
joggen,jogging etmək,Fel
die Jugendherberge,gənclər hosteli,İsim
der/die Jugendliche,gənc / yeniyetmə,İsim
jung,gənc,Sifət
der Junge,oğlan,İsim
der Kaffee,qəhvə,İsim
der Kalender,təqvim,İsim
kalt,soyuq,Sifət
die Kamera,kamera,İsim
kaputt,sınıq / xarab,Sifət
die Karte,kart / bilet / kart / menyü,İsim
die Kartoffel,kartof,İsim
der Käse,pendir,İsim
die Kasse,kassa,İsim
die Katze,pişik,İsim
kaufen,almaq / satın almaq,Fel
das Kaufhaus,univermaq,İsim
kein/-e,heç / yox,Əvəzlik
der Keller,zirzəmi / bodrum,İsim
kennen,tanımaq,Fel
kennenlernen,tanış olmaq,Fel
die Kenntnisse,bilik / bacarıq,İsim
die Kette,boyunbağı / zəncir,İsim
das Kind,uşaq,İsim
der Kindergarten,uşaq bağçası,İsim
das Kino,kino,İsim
der Kiosk,köşk / kiçik mağaza,İsim
die Kirche,kilsə,İsim
klappen,alınmaq / uğurlu olmaq,Fel
klar,aydın / əlbəttə,Sifət
das Klavier,piano,İsim
das Kleid,paltar / don,İsim
die Kleidung,geyim,İsim
klein,kiçik,Sifət
klug,ağıllı / zəkalı,Sifət
kochen,bişirmək,Fel
der Koffer,çamadan,İsim
der Kollege / die Kollegin,iş yoldaşı (kişi/qadın),İsim
komisch,gülünc / qəribə,Sifət
kommen,gəlmək,Fel
können,bacarmaq / bilmək,Fel
der Kontakt,əlaqə,İsim
das Konto,bank hesabı,İsim
kontrollieren,yoxlamaq / nəzarət etmək,Fel
das Konzert,konsert,İsim
der Kopf,baş,İsim
der Körper,bədən / cism,İsim
die Kosmetik,kosmetika,İsim
kosten,başa gəlmək / dəymək,Fel
kostenlos,pulsuz / ödənişsiz,Sifət
krank,xəstə,Sifət
das Krankenhaus,xəstəxana,İsim
die Krankenkasse,tibbi sığorta,İsim
die Krankheit,xəstəlik,İsim
der Kredit,kredit,İsim
die Kreuzung,kəsişmə / çatraq,İsim
kriegen,almaq / əldə etmək,Fel
der Krimi,detektiv / cinayət filmi/kitabı,İsim
die Küche,mətbəx,İsim
der Kuchen,tort / keks,İsim
kühl,sərin,Sifət
der Kühlschrank,soyuducu,İsim
die Kultur,mədəniyyət,İsim
kümmern (sich),qayğısına qalmaq,Fel
der Kunde / die Kundin,müştəri (kişi/qadın),İsim
kündigen,işdən çıxmaq / fəsil etmək,Fel
die Kunst,sənət / incəsənət,İsim
der Kurs,kurs,İsim
kurz,qısa,Sifət
lachen,gülmək,Fel
der Laden,mağaza / dükan,İsim
die Lampe,lampa,İsim
das Land,ölkə / kənd,İsim
die Landschaft,mənzərə / ərazisi,İsim
lang,uzun,Sifət
lange,uzun müddət,Zərf
langsam,yavaş,Zərf
langweilig,sıxıcı / cansıxıcı,Sifət
der/das Laptop,noutbuk,İsim
lassen,buraxmaq / icazə vermək,Fel
laufen,qaçmaq / yüyürmək / getmək,Fel
laut,səs-küylü / ucadan,Zərf
leben,yaşamaq,Fel
das Leben,həyat,İsim
die Lebensmittel,ərzaq malları,İsim
leer,boş,Sifət
legen,qoymaq / uzatmaq,Fel
leicht,yüngül / asan,Sifət
leider,təəssüf ki,Zərf
leidtun / leid tun,üzülmək / peşman olmaq,Fel
leihen,borc vermək / icarəyə götürmək,Fel
leise,səssiz / astadan,Zərf
lernen,öyrənmək,Fel
lesen,oxumaq,Fel
letzt-,son / keçən,Sifət
die Leute,insanlar / adamlar,İsim
das Licht,işıq,İsim
lieb-,sevgili / əziz,Sifət
lieben,sevmək,Fel
Lieblings-,sevimli / ən sevdiyim,Sifət
das Lied,mahnı / nəğmə,İsim
liefern,çatdırmaq / göndərmək,Fel
liegen,uzanmaq / yerləşmək,Fel
der Link,link / keçid,İsim
links,solda / sola,Zərf
der Löffel,qaşıq,İsim
das Lokal,kafe / restoran,İsim
die Lüge,yalan,İsim
lügen,yalan danışmaq,Fel
die Lust,istək / həvəs,İsim
lustig,şən / əyləncəli,Sifət
machen,etmək / düzəltmək,Fel
das Mädchen,qız,İsim
der Magen,mədə,İsim
die Mailbox,poçt qutusu / səs poçtu,İsim
mal / das Mal,bir dəfə / zaman / hərdən,Zərf
malen,rəsm çəkmək,Fel
man,adam / insan (ümumi),Əvəzlik
manch-,bəzi / bir neçə,Sifət
manchmal,bəzən,Zərf
der Mann,kişi / ər,İsim
männlich,kişi / erkək,Sifət
die Mannschaft,komanda / heyət,İsim
der Mantel,palto,İsim
der Markt,bazar,İsim
die Maschine,maşın / mexanizm,İsim
das Medikament,dərman,İsim
das Meer,dəniz,İsim
mehr,daha çox / artıq,Zərf
meinen,düşünmək / demək istəmək,Fel
die Meinung,fikir / rəy,İsim
meist-,əksər / ən çox,Sifət
meistens,adətən / əksər hallarda,Zərf
die Menge,miqdar / çoxlu,İsim
der Mensch,insan,İsim
merken,yadda saxlamaq / fərqinə varmaq,Fel
die Messe,sərgi / yarmarka,İsim
das Messer,bıçaq,İsim
die Miete,icarə haqqı,İsim
mieten,icarəyə götürmək,Fel
die Milch,süd,İsim
mindestens,ən azı,Zərf
das Mineralwasser,mineral su,İsim
mit,ilə / -la/-lə,Ədat
der Mitarbeiter,işçi / əməkdaş,İsim
das Mittagessen,nahar / günorta yeməyi,İsim
die Mitte,orta / mərkəz,İsim
das Mittel,vasitə / dərman,İsim
die Möbel,mebel,İsim
das Mobiltelefon,mobil telefon,İsim
möchten,istəmək (nəzakətli),Fel
die Mode,moda,İsim
modern,müasir / moda,Sifət
mögen,sevmək / xoşlamaq,Fel
möglich,mümkün,Sifət
der Moment,an / dəqiqə,İsim
morgen,sabah,Zərf
der Motor,mühərrik / motor,İsim
der Motorroller,moped / skuter,İsim
müde,yorğun,Sifət
der Müll,zibil / tullantı,İsim
der Mund,ağız,İsim
das Museum,muzey,İsim
die Musik,musiqi,İsim
müssen,lazım olmaq / məcbur olmaq,Fel
die Mütze,papaq / kepka,İsim
nach,sonra / -a/-ə / haqqında,Ədat
der Nachbar / die Nachbarin,qonşu (kişi/qadın),İsim
die Nachricht,xəbər / mesaj,İsim
nächste/-r/-s,növbəti / gələn,Sifət
die Nähe,yaxınlıq / yaxın yer,İsim
der Name,ad,İsim
nass,yaş / islaq,Sifət
die Natur,təbiət,İsim
natürlich,əlbəttə / təbii ki,Zərf
neben,yanında / yaxınlığında,Ədat
nebenan,qonşuda / yanında,Zərf
neblig,dumanlı,Sifət
nehmen,götürmək / almaq,Fel
nein,xeyr / yox,Ədat
nennen,adlandırmaq / çağırmaq,Fel
nervös,əsəbi / narahat,Sifət
nett,xoş / mehriban,Sifət
neu,yeni,Sifət
nicht,deyil / yox,Ədat
nichts,heç nə,Əvəzlik
nie,heç vaxt,Zərf
niemand,heç kim,Əvəzlik
nirgends,heç yerdə,Zərf
noch,hələ / daha,Zərf
normal,normal / adi,Sifət
die Note,qiymət / not,İsim
notieren,qeyd etmək,Fel
die Notiz,qeyd / not,İsim
notwendig,lazımlı / zəruri,Sifət
die Nudel,makaron / ərik xəmiri,İsim
die Nummer,nömrə / ölçü,İsim
nur,yalnız / ancaq,Zərf
nützlich,faydalı,Sifət
oben,yuxarıda / üstdə,Zərf
das Obst,meyvə,İsim
oder,ya da / yaxud,Bağlayıcı
offen,açıq,Sifət
öffnen,açmaq,Fel
oft,tez-tez,Zərf
ohne,olmadan / -sız/-siz,Ədat
das Ohr,qulaq,İsim
das Öl,yağ / neft,İsim
online,onlayn,Zərf
die Orange,portağal,İsim
die Ordnung,nizam / qayda,İsim
organisieren,təşkil etmək,Fel
der Ort,yer / məkan / qəsəbə,İsim
das Paar,cüt / cütlük,İsim
ein paar,bir neçə,Sifət
packen,yığmaq / bağlamaq,Fel
das Paket,bağlama / paket,İsim
das Papier,kağız,İsim
die Papiere,sənədlər / şəxsiyyət sənədləri,İsim
das Parfüm,ətir,İsim
der Park,park,İsim
parken,park etmək,Fel
der Partner / die Partnerin,tərəfdaş / partner (kişi/qadın),İsim
die Party,party / məclis,İsim
der Pass,pasport,İsim
passen,uyğun olmaq / yaraşmaq,Fel
passieren,baş vermək / olmaq,Fel
das Passwort,şifrə / parol,İsim
die Pause,fasilə,İsim
die Person,şəxs / adam,İsim
das Pferd,at,İsim
die Pflanze,bitki,İsim
die Pizza,pizza,İsim
das Plakat,afişa / plakar,İsim
der Plan,plan,İsim
planen,planlaşdırmaq,Fel
der Platz,yer / meydan / oturacaq,İsim
plötzlich,qəfildən / birdən,Zərf
die Polizei,polis,İsim
die Pommes frites,qızardılmış kartof,İsim
die Portion,porsiya,İsim
die Post,poçt,İsim
das Poster,poster / afişa,İsim
die Postkarte,məktubkart,İsim
die Postleitzahl,poçt indeksi,İsim
das Praktikum,staj / təcrübə,İsim
praktisch,praktik / əlverişli,Sifət
die Praxis,klinika / həkim qəbulxanası,İsim
der Preis,qiymət,İsim
preiswert,ucuz / əlverişli qiymətli,Sifət
privat,şəxsi / xüsusi,Sifət
pro,hər biri üçün / -a görə,Ədat
probieren,sınamaq / tatmaq,Fel
das Problem,problem,İsim
das Produkt,məhsul,İsim
das Programm,proqram,İsim
das Projekt,layihə,İsim
der Prospekt,broşür / kataloq,İsim
prüfen,yoxlamaq,Fel
die Prüfung,imtahan,İsim
der Pullover,sviter,İsim
pünktlich,vaxtında / dəqiq,Zərf
putzen,təmizləmək,Fel
die Qualität,keyfiyyət,İsim
das Quiz,viktorina,İsim
das Radio,radio,İsim
raten,məsləhət vermək / tapmaca həll etmək,Fel
das Rathaus,bələdiyyə / şəhər idarəsi,İsim
das Rätsel,tapmaca / bilməcə,İsim
rauchen,siqaret çəkmək,Fel
der Raum,otaq / məkan / yer,İsim
rechnen,hesablamaq,Fel
die Rechnung,hesab / faktura,İsim
recht haben,haqlı olmaq,Fel
rechts,sağda / sağa,Zərf
reden,danışmaq / söhbət etmək,Fel
der Regen,yağış,İsim
regnen,yağmaq (yağış),Fel
reich,varlı / zəngin,Sifət
der Reifen,təkər / şin,İsim
die Reihe,sıra / cərgə,İsim
die Reinigung,kimyəvi təmizləmə,İsim
der Reis,düyü / pirinc,İsim
die Reise,səyahət,İsim
das Reisebüro,turizm bürosu,İsim
der Reiseführer,turizm bələdçisi / kitabı,İsim
reisen,səyahət etmək,Fel
reiten,at sürmək,Fel
renovieren,təmir etmək / yeniləmək,Fel
der Rentner / die Rentnerin,pensiyaçı (kişi/qadın),İsim
die Reparatur,təmir,İsim
reparieren,təmir etmək,Fel
reservieren,bron etmək,Fel
der Rest,qalıq / qalanı,İsim
das Restaurant,restoran,İsim
das Rezept,resept / resept (yemək),İsim
die Rezeption,resepsion / qəbul masası,İsim
richtig,düzgün / doğru,Sifət
riechen,iyi almaq / iy gəlmək,Fel
das Rind,inək / mal əti,İsim
der Ring,üzük / halqa,İsim
der Rock,yubka,İsim
romantisch,romantik,Sifət
die Rose,qızılgül,İsim
der Rücken,arxa / bel,İsim
der Rucksack,sırt çantası,İsim
rufen,çağırmaq,Fel
die Ruhe,sakitlik / istirahət,İsim
ruhig,sakit,Sifət
rund,dəyirmi / təxminən,Sifət
der Rundgang,gəzinti / tur,İsim
die Sache,məsələ / əşya,İsim
der Saft,şirə / meyve suyu,İsim
sagen,demək / söyləmək,Fel
der Salat,salat,İsim
das Salz,duz,İsim
sammeln,toplamaq / yığmaq,Fel
der Satz,cümlə,İsim
sauber,təmiz,Sifət
sauer,turş / əsəbi,Sifət
schade,təəssüf,Sifət
schädlich,zərərli,Sifət
schaffen,bacarmaq / nail olmaq,Fel
der Schalter,pəncərə (qəbul yeri) / açar / düymə,İsim
scharf,iti / ədviyyatlı / kəskin,Sifət
scheinen,parlamaq / görünmək,Fel
schenken,hədiyyə etmək,Fel
die Schere,qayçı,İsim
schicken,göndərmək,Fel
das Schiff,gəmi,İsim
das Schild,lövhə / işarə,İsim
schimpfen,söymək / danlaqlamaq,Fel
der Schirm,çətr,İsim
schlafen,yatmaq,Fel
das Schlafzimmer,yataq otağı,İsim
schlecht,pis / xarab,Sifət
schließen,bağlamaq / qapatmaq,Fel
schlimm,pis / ağır,Sifət
das Schloss,qala / kilid,İsim
der Schluss,son / bitiş,İsim
der Schlüssel,açar,İsim
schmecken,dadmaq / ləzzətli olmaq,Fel
der Schmerz,ağrı,İsim
schmutzig,çirkli,Sifət
der Schnee,qar,İsim
schneiden (sich),kəsmək / kəsilmək,Fel
schneien,qar yağmaq,Fel
schnell,tez / sürətli,Zərf
die Schokolade,şokolad,İsim
schon,artıq / həm də,Zərf
schön,gözəl / qəşəng,Sifət
der Schrank,dolap / şkaf,İsim
schrecklich,dəhşətli / iyrənc,Sifət
schreiben,yazmaq,Fel
schriftlich,yazılı,Sifət
der Schuh,ayaqqabı,İsim
die Schule,məktəb,İsim
der Schüler / die Schülerin,şagird (oğlan/qız),İsim
schwach,zəif,Sifət
schwanger,hamilə,Sifət
das Schwein,donuz,İsim
schwer,ağır / çətin,Sifət
schwierig,çətin / mürəkkəb,Sifət
das Schwimmbad,üzgüçülük hovuzu,İsim
schwimmen,üzmək,Fel
der See,göl,İsim
die See,dəniz,İsim
sehen,görmək,Fel
die Sehenswürdigkeit,görməli yer / tarixi abidə,İsim
sehr,çox / olduqca,Zərf
die Seife,sabun,İsim
sein,olmaq,Fel
seit,dan bəri,Ədat
die Seite,səhifə / tərəf,İsim
selbst,özü / özüm,Əvəzlik
die Sendung,proqram / göndəriş,İsim
der Service,xidmət,İsim
setzen (sich),oturmaq,Fel
sicher,əmin / təhlükəsiz,Sifət
singen,oxumaq / mahnı oxumaq,Fel
die Situation,vəziyyət,İsim
sitzen,oturmaq,Fel
der Ski,xizək,İsim
so,belə / o qədər / beləcə,Zərf
das Sofa,divan / sofa,İsim
sofort,dərhal / indicə,Zərf
sogar,hətta,Zərf
sollen,gərək / lazım (başqasının istəyi),Fel
die Sonne,günəş,İsim
sonnig,günəşli,Sifət
sonst,başqa / əks halda,Zərf
spannend,maraqlı / həyəcanlı,Sifət
sparen,qənaət etmək,Fel
der Spaß,əyləncə / zövq,İsim
spät,gec,Zərf
später,sonra / daha sonra,Zərf
spazieren gehen,gəzməyə getmək,Fel
der Spaziergang,gəzinti,İsim
speichern,saxlamaq / yadda saxlamaq (fayl),Fel
die Speisekarte,menyü,İsim
das Spiel,oyun,İsim
spielen,oynamaq,Fel
der Sport,idman,İsim
sportlich,idmançı / idmana həvəsli,Sifət
der Sportplatz,idman meydançası,İsim
die Sprache,dil,İsim
sprechen,danışmaq,Fel
die Sprechstunde,qəbul saatları,İsim
die Stadt,şəhər,İsim
der Stadtplan,şəhər xəritəsi,İsim
der Star,ulduz / məşhur,İsim
stark,güclü / şiddətli,Sifət
stattfinden,baş vermək / keçirilmək,Fel
stehen,durmaq / yazmaq (mətn),Fel
die Stelle,iş yeri / yer / mövqe,İsim
stellen,qoymaq / vermək (sual),Fel
sterben,ölmək,Fel
der Stiefel,çəkmə,İsim
der Stift,qələm,İsim
das Stipendium,təqaüd / stipendiya,İsim
der Stock / das Stockwerk,mərtəbə,İsim
stören,narahat etmək / mane olmaq,Fel
der Strand,çimərlik / sahil,İsim
die Straße,küçə / yol,İsim
die Straßenbahn,tramvay,İsim
streiten (sich),mübahisə etmək / dalaşmaq,Fel
streng,sərt / tələbkar,Sifət
der Stress,stress,İsim
stressig,stresli,Sifət
das Stück,parça / hissə / tamaşa,İsim
der Student / die Studentin,tələbə (kişi/qadın),İsim
studieren,universitetdə oxumaq,Fel
das Studium,ali təhsil / universitet,İsim
der Stuhl,stul / kreslo,İsim
suchen,axtarmaq,Fel
super,super / əla,Sifət
der Supermarkt,supermarket,İsim
die Suppe,şorba,İsim
surfen,sörf etmək / internet gəzmək,Fel
süß,şirin / sevimli,Sifət
die Süßigkeiten,şirniyyat,İsim
sympathisch,xoşagələn / rəğbətli,Sifət
das Tablet,planşet,İsim
die Tablette,həb / dərman,İsim
die Tafel / Infotafel,taxta / lövhə,İsim
tanzen,rəqs etmək,Fel
die Tasche,çanta,İsim
das Taschengeld,cib pulu,İsim
die Tasse,fincan / stəkan,İsim
tauschen / austauschen,dəyişmək / mübadilə etmək,Fel
das Taxi,taksi,İsim
das Team,komanda,İsim
der Tee,çay (içki),İsim
teilen,bölmək / paylaşmaq,Fel
teilnehmen,iştirak etmək,Fel
das Telefon,telefon,İsim
telefonieren,telefon etmək,Fel
der Teller,boşqab,İsim
das Tennis,tennis,İsim
der Termin,görüş / vaxt / randevu,İsim
teuer,bahalı,Sifət
der Text,mətn,İsim
das Theater,teatr,İsim
das Thema,mövzu,İsim
das Ticket,bilet,İsim
tief,dərin,Sifət
das Tier,heyvan,İsim
der Tipp,məsləhət / ipucu,İsim
der Tisch,masa / stol,İsim
der Titel,ad / başlıq,İsim
die Toilette,tualet,İsim
toll,əla / gözəl,Sifət
die Tomate,pomidor,İsim
der Topf,qazan / tava,İsim
die Torte,tort / pasta,İsim
tot,ölmüş / vəfat etmiş,Sifət
total,tamamilə / çox,Zərf
die Tour,tur / gəzinti,İsim
der Tourist / die Touristin,turist (kişi/qadın),İsim
tragen,aparmaq / geyinmək,Fel
trainieren,məşq etmək / idman etmək,Fel
das Training,məşq / trening,İsim
der Traum,xəyal / yuxu,İsim
träumen,xəyal qurmaq / yuxu görmək,Fel
traurig,kədərli / üzgün,Sifət
treffen (sich),görüşmək,Fel
die Treppe,pilləkən,İsim
trinken,içmək,Fel
trocken,quru,Sifət
tschüs,sağ ol / görüşənədək,Ədat
das T-Shirt,futbolka,İsim
tun,etmək / yapmaq,Fel
die Tür,qapı,İsim
typisch,xarakterik / tipik,Sifət
üben,məşq etmək,Fel
über,üstündə / haqqında / vasitəsilə,Ədat
überall,hər yerdə,Zərf
übermorgen,birisi gün,Zərf
übernachten,gecələmək,Fel
übersetzen,tərcümə etmək,Fel
die Übersetzung,tərcümə,İsim
überweisen,köçürmək (pul),Fel
die Uhr,saat,İsim
um,saat...-da / ətrafında / haqqında,Ədat
umsteigen,aktarma etmək,Fel
umziehen,köçmək,Fel
sich umziehen,paltarını dəyişmək,Fel
der Umzug,köçüb getmə / köç,İsim
unbedingt,mütləq / hökmən,Zərf
und,və,Bağlayıcı
der Unfall,qəza,İsim
die Universität,universitet,İsim
unten,aşağıda / altda,Zərf
unter,altında / aşağısında,Ədat
unterhalten (sich),söhbət etmək / əylənmək,Fel
die Unterkunft,qalacaq yer / yer,İsim
unternehmen,bir iş görmək / planlaşdırmaq,Fel
der Unterricht,dərs / təlim,İsim
der Unterschied,fərq,İsim
unterschreiben,imzalamaq,Fel
die Unterschrift,imza,İsim
untersuchen,müayinə etmək,Fel
unterwegs sein,yolda olmaq,Fel
der Urlaub,məzuniyyət / tətil,İsim
verabredet sein,görüşü olmaq / razılaşmaq,Fel
die Veranstaltung,tədbir / hadisə,İsim
verbieten / verboten sein,qadağan etmək / yasaqdır,Fel
verdienen,qazanmaq (pul),Fel
der Verein,birlik / klub / cəmiyyət,İsim
vereinbaren,razılaşmaq / müqavilə bağlamaq,Fel
vergessen,unutmaq,Fel
vergleichen,müqayisə etmək,Fel
verkaufen,satmaq,Fel
der Verkehr,nəqliyyat / hərəkət,İsim
das Verkehrsmittel,nəqliyyat vasitəsi,İsim
verletzen (sich),zədə almaq / yaralanmaq,Fel
verlieben (sich),aşiq olmaq / vurulmaq,Fel
verlieren,itirmək / udmaq,Fel
vermieten,icarəyə vermək,Fel
der Vermieter / die Vermieterin,ev sahibi (kişi/qadın),İsim
verpassen,buraxmaq / qaçırmaq,Fel
verreisen,səfərə çıxmaq,Fel
verschieben,təxirə salmaq,Fel
verschieden,müxtəlif / fərqli,Sifət
die Verspätung,gecikmə,İsim
verstehen,anlamaq / başa düşmək,Fel
versuchen,cəhd etmək / sınamaq,Fel
der Vertrag,müqavilə,İsim
viel / viele,çox,Sifət
vielleicht,bəlkə / ola bilsin,Zərf
der Vogel,quş,İsim
voll,dolu,Sifət
der Volleyball,voleybol,İsim
von,haqqında / -dan/-dən / -in,Ədat
vor,qarşısında / əvvəl,Ədat
vorbei,ötüb keçmək / yan keçmək,Zərf
vorbereiten,hazırlamaq,Fel
vorgestern,srağagün,Zərf
vorher,əvvəlcədən / bundan əvvəl,Zərf
vorne,öndə / qabaqda,Zərf
der Vorname,ad (adı),İsim
der Vorschlag,təklif,İsim
vorsichtig,ehtiyatlı,Sifət
vorstellen (sich),özünü / birini tanıtmaq,Fel
vorwärts,irəli,Zərf
wach,oyaq / ayıq,Sifət
der Wagen,avtomobil / vaqon,İsim
wählen,seçmək / yığmaq (nömrə),Fel
wahr,doğru / həqiqi,Sifət
wahrscheinlich,güman ki / ehtimal ki,Zərf
der Wald,meşə,İsim
wandern,gəzmək / yürüyüş etmək,Fel
wann,nə vaxt,Sual
warm,isti,Sifət
warten,gözləmək,Fel
warum,niyə / nə üçün,Sual
was,nə,Sual
die Wäsche,çirkli paltar / yuyulacaq,İsim
waschen (sich),yumaq / yunanmaq,Fel
das Wasser,su,İsim
die Webseite,veb-sayt,İsim
wechseln,dəyişmək / mübadilə etmək,Fel
wecken,oyatmaq,Fel
weg / weg-,getmək / yoxa çıxmaq,Zərf
der Weg,yol / istiqamət,İsim
wegen,görə / səbəbindən,Ədat
wehtun,ağrımaq,Fel
weiblich,qadın / dişi,Sifət
weich,yumşaq,Sifət
weil,çünki,Bağlayıcı
der Wein,şərab,İsim
weinen,ağlamaq,Fel
weit,uzaq,Sifət
weiter,davam etmək / daha uzaq,Zərf
welcher/-e/-s,hansı,Sual
die Welt,dünya,İsim
wenig/-e,az,Sifət
wenigstens,ən azı / heç olmazsa,Zərf
wenn,əgər / nə vaxt ki,Bağlayıcı
wer,kim,Sual
werden,olmaq (gələcək),Fel
die Werkstatt,emalatxana / avtomobil təmiri,İsim
der Wettbewerb,yarışma / müsabiqə,İsim
das Wetter,hava / ab-hava,İsim
wichtig,vacib / mühüm,Sifət
wie,necə / nə qədər,Sual
wie viel/-e,nə qədər,Sual
wieder,yenidən / bir daha,Zərf
wiederholen,təkrar etmək,Fel
das Wiederhören,görüşənədək (telefonda),İsim
das Wiedersehen,görüşənədək,İsim
willkommen,xoş gəlmisiniz,Ədat
der Wind,külək,İsim
windig,küləkli,Sifət
wirklich,həqiqətən / doğrudan,Zərf
wissen,bilmək,Fel
der Witz,zarafat / lətifə,İsim
witzig,şən / gülməli,Sifət
wo,harada,Sual
woher,haradan,Sual
wohin,haraya,Sual
wohnen,yaşamaq / oturmaq,Fel
die Wohnung,mənzil / dairə,İsim
das Wohnzimmer,qonaq otağı / salon,İsim
die Wolke,bulud,İsim
wollen,istəmək,Fel
der Workshop,seminar / iş sessiyası,İsim
das Wort,söz,İsim
wunderbar,möhtəşəm / gözəl,Sifət
der Wunsch,arzu / istək,İsim
wünschen,arzulamaq / diləmək,Fel
die Wurst,kolbasa / sosis,İsim
die Zahl,rəqəm / say,İsim
zahlen,ödəmək,Fel
der Zahn,diş,İsim
zeichnen,rəsm çəkmək / çizmək,Fel
zeigen,göstərmək,Fel
die Zeit,vaxt / zaman,İsim
die Zeitschrift,jurnal / məcəllə,İsim
die Zeitung,qəzet,İsim
das Zelt,çadır,İsim
das Zentrum,mərkəz,İsim
der Zettel,kağız parçası / qeyd,İsim
das Zeugnis,attestat / şəhadətnamə,İsim
ziehen / anziehen / ausziehen,çəkmək / geymək / soyunmaq,Fel
das Ziel,hədəf / məqsəd,İsim
das Zimmer,otaq,İsim
der Zirkus,sirk,İsim
die Zitrone,limon,İsim
der Zoo,zooparka,İsim
zu,çox / -a/-ə / evdə,Ədat
der Zucker,şəkər,İsim
zuerst,əvvəlcə / ilk öncə,Zərf
zufrieden,razı / məmnun,Sifət
der Zug,qatar,İsim
zuhören,dinləmək / qulaq asmaq,Fel
zuletzt,ən sonda / axırda,Zərf
zum Beispiel,məsələn,İfadə
zumachen,bağlamaq,Fel
zurück,geri,Zərf
zusammen,birlikdə,Zərf
zwischen,arasında,Ədat
